{
    "loss": [
        0.6900326609611511,
        0.6808174848556519,
        0.6598597764968872,
        0.39441001415252686,
        0.269438773393631,
        0.2234831154346466,
        0.1876015067100525,
        0.14733216166496277
    ],
    "accuracy": [
        0.5277847647666931,
        0.5637385845184326,
        0.583581268787384,
        0.8324088454246521,
        0.895365834236145,
        0.9169986248016357,
        0.9333114624023438,
        0.9500277638435364
    ],
    "val_loss": [
        0.6763663291931152,
        0.6867900490760803,
        0.5194966197013855,
        0.3313639760017395,
        0.29285141825675964,
        0.3171786963939667,
        0.33562782406806946,
        0.35157477855682373
    ],
    "val_accuracy": [
        0.5612142086029053,
        0.5351956486701965,
        0.7896329164505005,
        0.8577046990394592,
        0.8788825869560242,
        0.8772690892219543,
        0.8802945017814636,
        0.8788825869560242
    ]
}