{
    "loss": [
        0.6916024684906006,
        0.6508713960647583,
        0.611387312412262,
        0.5885205268859863,
        0.354801207780838,
        0.2630642056465149,
        0.216352641582489,
        0.1861325204372406,
        0.15315452218055725,
        0.11201289296150208
    ],
    "accuracy": [
        0.5271796584129333,
        0.6284604668617249,
        0.6724572777748108,
        0.6980233192443848,
        0.8565125465393066,
        0.8997277021408081,
        0.9202763438224792,
        0.9339922070503235,
        0.9482880234718323,
        0.9643487334251404
    ],
    "val_loss": [
        0.7147461175918579,
        0.6397077441215515,
        0.5134167671203613,
        0.49772733449935913,
        0.3121464252471924,
        0.3114114999771118,
        0.31120559573173523,
        0.3340771198272705,
        0.36748006939888,
        0.39379408955574036
    ],
    "val_accuracy": [
        0.5035296678543091,
        0.6637757420539856,
        0.7798507213592529,
        0.7715812921524048,
        0.8743444681167603,
        0.8795885443687439,
        0.8751512765884399,
        0.8741428256034851,
        0.8728317618370056,
        0.8778741359710693
    ]
}